Date,Top15_Net_Volume,Foreign_Net_Volume,Margin_Balance,Trust_Net_Volume,Dealer_Net_Volume
2023-01-03,348.3570765056163,1052.302548793913,8674,-155.98693418114937,-39.08170987358049
2023-01-04,30.867849414407672,-142.44777624968577,6377,-99.8062941910191,85.50406137817893
2023-01-05,423.84426905034627,-299.4133438625372,11701,293.47471395032596,83.56615967509606
2023-01-06,861.5149282040127,482.84933383184244,7597,214.11108380127456,-34.87491334148188
2023-01-09,-17.07668736166798,-131.33382656858277,5141,-0.34613639850101663,-178.54610204177624
2023-01-10,-17.06847847459028,579.7590906533064,7659,276.72469437180985,-41.0022977498356
2023-01-11,889.6064077536957,321.7538125107798,9596,-162.4594310332748,87.7359521686422
2023-01-12,483.7173645764544,-709.4464689983391,14031,-189.65667714943163,-57.503418942372406
2023-01-13,-134.73719296747606,1128.503120798037,10661,222.71933184931808,18.906216298380443
2023-01-16,371.2800217929823,1277.526603857313,11142,165.92864586452941,-45.748493796634406
2023-01-17,-131.70884640623112,-167.67321429063173,10626,-42.05268031666462,-173.21671625260498
2023-01-30,-132.86487678512844,-32.620935961590504,13787,-177.0921787396261,-47.54811770399279
2023-01-31,220.98113578301707,371.519234434943,13472,341.946375007588,87.31320206897124
2023-02-01,-856.640122328899,400.67407399221497,5423,-294.02051018956365,-217.02524800658122
2023-02-02,-762.4589162565164,595.1265636036983,11999,-69.68518706871207,45.21673504755756
2023-02-03,-181.14376462048637,1406.1227232598098,9249,95.71530550357946,-98.60692313994133
2023-02-06,-406.4155601672119,93.83166350357037,6750,410.4329616862891,80.84420694741921
2023-02-07,257.12366629763693,-278.97834672307226,9757,126.62004241464406,91.43189358736531
2023-02-08,-354.01203776060544,-627.5915368087163,6967,146.06093060265974,2.805206508872395
2023-02-09,-606.1518506676457,-238.55802396515145,9088,-63.87674002962544,3.0331841218777917
2023-02-10,832.824384460777,180.12381627572174,9178,163.69604505491967,-60.63626971363014
2023-02-13,-12.88815024326783,1276.7347181106727,12789,71.06186417581738,-114.55834001049661
2023-02-14,133.76410234396192,-110.56677942170285,7946,-267.6929080835116,189.8092906333733
2023-02-15,-612.3740931067284,334.2727709833391,14641,208.58697069862143,-66.50714271711279
2023-02-16,-172.19136226259133,190.14626235634876,10394,244.07867796937023,176.77961311964722
2023-02-17,155.46129485493304,913.0359640688504,12880,210.67300976423255,-65.95000398001768
2023-02-20,-475.49678871115145,1716.159455524173,10075,56.6655851331604,72.51903903377283
2023-02-21,287.84900917283596,-118.5212637521924,12230,-141.23537662992945,-93.78071596536347
2023-02-22,-200.31934495940249,-93.6636655109333,6531,-411.83674625697313,72.33950169020153
2023-02-23,-45.84687489663838,826.4965262414432,7990,81.41072108029013,-12.558735715312196
2023-02-24,-200.85330611469846,609.1348937757868,12155,266.38841194816985,-11.251616067567038
2023-03-01,1026.1390922544688,1308.02439544162,9493,249.10649381661617,81.00231697844505
2023-03-02,93.25138763103304,550.3569111955783,14335,213.21456867876958,-26.91413650790981
2023-03-03,-428.85546447795014,-15.575254472235713,5933,35.15780429012184,-122.81484954450977
2023-03-06,511.27245605159453,554.3928984153856,6460,267.49283480629936,96.13055634094525
2023-03-07,-510.4218249855111,865.2221483497447,7723,234.83236477118055,-94.59005899823282
2023-03-08,204.43179750237772,692.2893087184184,5285,-34.52671214431162,71.651728439791
2023-03-09,-879.8350619398877,504.36441866437866,5264,185.31960332316945,117.29965453330006
2023-03-10,-564.0930244492152,840.0048137534924,11816,-57.19182908185833,-17.54938863522174
2023-03-13,198.43061793456175,901.5773542674036,6762,158.0048463233844,138.2352844091784
2023-03-14,469.23328999770524,1029.2953946225161,5040,-209.8233288602134,68.1783707861284
2023-03-15,185.68414059498525,589.2259325537856,10827,-194.4423617345843,-49.58614201447756
2023-03-16,42.175858805879734,99.72915180988738,13259,261.64140938878154,160.14290022660748
2023-03-17,-50.5518477946444,288.0282118599937,5987,237.51202444095298,-94.16718217393904
2023-03-20,-639.2609951837137,923.9053799050141,12804,176.72230811516627,-17.670042990356542
2023-03-21,-259.9221041973543,-290.16140259234163,12789,67.59376421056609,-0.631480361932887
2023-03-22,-130.31938547989375,421.2039853237407,10717,-428.2548862048297,80.52237010182554
2023-03-23,628.5611131094579,-36.0032873964164,8198,35.02481235870208,131.54332973811347
2023-03-24,271.80914478423074,217.2468937608905,10374,140.83663343796763,125.27915569027135
2023-03-27,-781.520077681367,967.0711175643793,9790,-56.946649511918295,42.37483195743062
2023-03-28,262.04198469739754,314.659440811942,12183,-92.49883856164752,-8.026910446356673
2023-03-29,-92.54114020815825,227.86192889368928,7524,338.8840776307383,-162.59842416276302
2023-03-30,-238.46100015297935,-615.9136845879516,14277,37.94220172167764,-111.41458544552165
2023-03-31,405.83814442043393,647.7521396163324,7479,140.95903392847612,196.66554892914357
2023-04-06,615.4997612479755,587.2905086846453,14885,204.82629232387302,-163.60719875025393
2023-04-07,565.6400595580992,1497.9528339832762,10154,-150.28741530101556,-58.449064324210966
2023-04-10,-319.60876161131927,15.3330590281995,5778,88.64148454283875,134.46062820500896
2023-04-11,-54.60618792560729,331.49019659836335,14777,313.9288988954599,40.97132991973669
2023-04-12,265.631715701782,349.6302102264532,6492,413.84463665994423,112.80450710056923
2023-04-13,587.7725635611796,1146.4719678580846,5660,57.98727944293809,74.28283512706764
2023-04-14,-139.58711892264498,142.82268056782874,6348,2.4112905305850703,166.95825373608864
2023-04-17,7.170511668091436,367.4129154622035,14491,103.80481362750666,49.54272865648849
2023-04-18,-453.1674870030141,564.7379058299235,12851,98.72740940550422,86.34477291515113
2023-04-19,-498.10331204033537,311.9654738938149,12156,327.35161322623065,-52.42465320583405
2023-04-20,506.262911197099,-67.86016873031696,7044,-149.27833783341345,78.63329755781368
2023-04-21,778.1200142854115,316.45399573898453,12368,-5.974617233204327,-19.61260979892287
2023-04-24,63.99493920983308,844.1790499158633,8516,-173.4282653753021,-25.310586798071242
2023-04-25,601.7664489460121,-415.9091796466362,14250,-152.41897715951544,109.47235146471377
2023-04-26,280.81801252381706,279.7818044881256,14168,125.31480302782487,110.16233760593639
2023-04-27,-222.55987730256214,-220.07248896350393,9577,211.9715683274053,188.84421557461314
2023-04-28,280.697802754207,917.0279773549055,5727,-79.87833874874903,182.3263185486201
2023-05-02,869.0182832329846,-713.9121428702648,12468,204.4189577950579,111.73151613587754
2023-05-03,82.08698044502424,-135.35310836295298,5342,272.31573142639365,-152.04456102367124
2023-05-04,882.3218279070031,426.32712503871255,6447,436.94119968667803,202.76809829496963
2023-05-05,-1209.8725520448722,1139.3144175406042,11581,63.9493697682098,111.79676706663622
2023-05-08,510.95125218761194,160.5498433562073,11317,-77.9529054888266,-56.586009008630256
2023-05-09,143.5235341190856,-133.11971601591904,5526,-150.49438632117895,92.89091555627823
2023-05-10,-49.503675232933745,1328.6942416643542,11748,-170.35863958397871,-83.72657409627284
2023-05-11,145.88038826775116,-668.8083402497464,5405,299.95614028072134,81.86301201097419
2023-05-12,-893.7844573004464,-1119.2835739720492,12986,-253.01906859113006,-111.62700410740993
2023-05-15,-9.835943918755959,464.00867003199943,14765,293.54969713024,-60.821840878663636
2023-05-16,278.5562857558732,-101.23253461156668,8740,-123.68820585042977,90.99291292005267
2023-05-17,838.9470223707581,-412.73969027842793,6846,-87.04123957188114,127.28867429928937
2023-05-18,-159.1351091368237,625.013868379612,6478,19.688908998004056,52.543685943381035
2023-05-19,-304.2468014465938,346.2804282627193,5771,-90.73090991330227,-8.616863668797066
2023-05-22,-150.87852179226826,-138.447178442037,10525,236.39595099191502,-191.48662950169904
2023-05-23,557.701058851037,-568.1826392025366,13770,412.6687903965551,-0.9021099651359776
2023-05-24,264.37555482984226,723.4743969680868,5193,-81.48643151062757,73.34850768245278
2023-05-25,-164.8801018835194,590.1207067751966,7007,-36.44756783292536,-11.676510593564718
2023-05-26,356.63371655667805,140.49448173237025,6185,17.33583854322032,17.742205890558182
2023-05-29,148.5387746740202,1307.9821976285996,7394,158.21135269852755,1.4382532082079216
2023-05-30,584.3224952664445,-442.0508597956915,14984,19.303144208828705,-12.170621782143371
2023-05-31,-251.02654693867618,-715.3151025548433,14302,327.45148221051915,27.58773899598127
2023-06-01,-63.83107329888409,-215.14484192874664,9005,279.3247833123855,-7.269458215246058
2023-06-02,-96.0540765660788,172.6483901867013,12429,-187.09247071902,164.32895536319424
2023-06-05,-631.7574740660593,346.0036695936151,7261,154.19363311496573,-200.64188483837327
2023-06-06,248.06013853228802,55.258365286202064,8736,354.06784746190056,-34.58425859710776
2023-06-07,230.52763608994468,411.2332379085781,11716,-48.956189153376684,-67.02562235172253
2023-06-08,102.55672832123045,-550.9236545142664,9875,-8.852974358711322,41.911060003441
2023-06-09,-17.29356668757346,1066.2587624439557,13921,-55.60739957059107,27.714478588312637
2023-06-12,-607.6853710252071,150.7092929644587,9378,-51.41512310470114,182.2193101549429
2023-06-13,-110.32266138267951,870.3774989528765,12815,-283.6903103822096,215.11420482977945
2023-06-14,-71.35725826338475,405.6352078266225,8451,-215.66299029301013,-57.30834555704811
2023-06-15,-301.13863461080945,474.05193149227034,12616,65.49474374744598,20.050006503362955
2023-06-16,19.357144166995425,541.8603681393224,14836,352.7195949305557,39.63044169243554
2023-06-19,302.0254284072692,468.625136010389,7800,-72.67216250365658,-59.781374833733594
2023-06-20,1043.092950605265,585.6336559205263,13333,-78.55146058971161,82.83820360376228
2023-06-21,187.28890641591948,997.4915180794588,10410,390.3042140841469,-3.95073687649446
2023-06-26,228.77519536138217,317.9127018208821,6455,-171.65149236319738,-86.76348506009778
2023-06-27,62.77704211691639,625.4022545531075,11892,-282.2486325412844,-7.95683042665431
2023-06-28,-859.3856076495207,146.15858342766398,10808,-115.70308722749996,-79.76745727406488
2023-06-29,86.74306227539157,1064.0703292696837,11796,-82.55689575887322,123.66468294192556
2023-06-30,130.11510497051322,-205.83538123556184,9796,-299.4906169390131,210.15592551136703
2023-07-03,1331.6210562426431,1280.5642597464894,10093,24.391658745077745,44.48193738945395
2023-07-04,3.8195176094387335,175.90522961339394,6325,239.68926997230707,31.12767680532756
2023-07-05,250.77367116680622,-658.4650612708289,9976,-207.19095474296523,35.24347668741858
2023-07-06,82.64411514737834,276.86264894647354,14405,67.51564379071782,138.22340289383152
2023-07-07,-484.339018809766,-208.63099448492852,6159,129.18713512535464,136.0699003597183
2023-07-10,671.4114072575103,704.3861293932345,9650,33.32314494514138,8.434643145176912
2023-07-11,475.96651634338707,-191.57438758143456,9987,87.13851794821187,45.258992737909125
2023-07-12,495.51597352152345,-67.71005992886785,9697,89.46545251904217,85.26464071770783
2023-07-13,-354.69372739736946,-933.7244385673187,5340,-112.5455913836864,-93.7687456550734
2023-07-14,801.3971554680496,-71.38379154944602,8828,349.71651440237366,141.26082374204566
2023-07-17,-600.9255313961404,-1254.327595977374,6968,299.5513668152431,193.48318912272276
2023-07-18,393.42854690013513,-750.341694091434,5703,287.9822794482335,136.50321048394574
2023-07-19,1195.2278129049894,656.2487936865784,10482,252.73514810877268,-104.5593911614555
2023-07-20,-395.2681625653442,671.4800951904992,11376,-264.9958938866048,-177.0000455418874
2023-07-21,-183.14886480138597,455.27453707097885,6800,235.21247556239322,90.87186735179316
2023-07-24,149.82568254382062,-380.1856858775278,10463,181.12028550990158,-56.01894489620864
2023-07-25,-151.7378270580996,171.37318631481207,9912,-257.3047229887567,48.713335412298576
2023-07-26,-675.3317155330664,197.83847654565895,9648,7.017928969984361,173.51487200075488
2023-07-27,134.28148740301367,-495.0188135155256,5855,105.35868986505767,-45.695517639841
2023-07-28,-431.15185686305244,1102.0389810602903,7866,382.863419624927,-17.75546564089599
2023-07-31,336.7962153175908,726.4173743454028,5182,194.94477157885174,47.67229725883162
2023-08-01,-359.7121171169016,67.42149570220164,8112,-122.91314545566033,-109.75096399822306
2023-08-02,874.9672025087697,216.13150339671847,10670,389.0776916903926,-55.78561960058762
2023-08-04,-291.62664616811855,325.0296847685315,9492,58.75595254277782,22.48575037512692
2023-08-07,-61.03075810283778,-1025.0409210545745,10823,-1.1682273806183474,-10.045486881775137
2023-08-08,506.7586086848349,51.693570487641836,6517,-15.423639317762436,80.84077537992262
2023-08-09,-515.4321582169777,-209.19054879867912,10002,-274.71104760462663,296.5979614439267
2023-08-10,213.72996730206472,-400.97200593694936,6356,28.04609923677153,29.913833941812456
2023-08-11,753.571377141214,31.339824268427066,8629,149.49705146113158,-64.17119460380091
2023-08-14,-703.7416172806138,1278.6119161097135,8628,-27.076665505043152,161.82403547575643
2023-08-15,192.3169292661521,584.5057167602059,13210,134.09049544951168,-138.88184753202214
2023-08-16,229.94139712421176,-142.70739386967807,11132,-122.87821418283616,-118.89081710291075
2023-08-17,490.9114358886552,543.5496688136952,14324,21.81441714447604,-39.51034386477235
2023-08-18,-518.475355439041,1039.6132619516013,11588,113.30806532172639,-8.28867205196255
2023-08-21,-560.2283065421382,754.7802097476613,8311,87.93217541268416,-41.907273651720864
2023-08-22,360.9707828084488,235.77822195210447,11048,-271.0930179438093,16.84876755769771
2023-08-23,248.49233661659304,-188.16206662334434,11246,-37.80119017424572,47.4741902746345
2023-08-24,225.24642517293827,618.933988168154,5987,385.49258606252124,126.8959535275138
2023-08-25,273.22410474848783,436.0912312530497,8321,-48.48921486610355,29.11882738437822
2023-08-28,-240.0123607892454,737.1159320166394,9615,53.161508822367885,-36.19462476951015
2023-08-29,216.12684858050176,581.1030810091818,13365,32.648849890211125,121.46453864394118
2023-08-30,246.53623664934062,829.7316291916011,8741,363.64795178393024,-61.771547573013066
2023-08-31,-257.1757090131839,-121.14112693634075,8052,308.0736244389341,-143.2602745687323
2023-09-01,1032.8872555723783,990.4364393805954,11574,211.5061999637619,140.59560179045423
2023-09-04,336.9164604558938,318.5597628154398,5726,-144.64846267450673,134.18532448109715
2023-09-05,-495.65174860132436,1445.1565235751593,8760,121.836609838416,-59.22983922041061
2023-09-06,428.2768043169149,-213.5126908537407,10806,163.58834861502635,-19.909885382092554
2023-09-07,-387.3408351136607,1241.5782818991497,6875,-89.72096711921088,-71.69275453299295
2023-09-08,493.542301871226,318.7464700775887,11993,-124.1034211695378,52.662421756513396
2023-09-11,679.297789503702,-190.85080216866902,9033,391.002829441406,193.20492913680818
2023-09-12,-310.34115917585524,-90.33150043259292,10443,-10.160662443385768,90.2881798595122
2023-09-13,581.6880646221609,7.7916150834078906,5989,372.9953637822297,123.57246425830327
2023-09-14,306.39046346824915,454.4995678411499,8744,249.41875109890677,101.97283316910118
2023-09-15,511.030079997245,513.7012928212998,13611,131.57535647506427,19.98808514409065
2023-09-18,1048.3964913269738,-144.2200023631474,5593,140.50628727189695,128.33404379113156
2023-09-19,-22.694058001435252,185.3872446434103,6774,-230.08391206615352,94.50305629127996
2023-09-20,-276.86808217874477,1485.3622151671182,5935,91.3549559668833,163.9445715153136
2023-09-21,-344.7572148127617,1236.525902060427,8808,333.4040825963253,-25.95489411617563
2023-09-22,-307.90514248271916,461.79420180441923,5331,186.26790063712178,-153.81116395453867
2023-09-25,61.4491452929479,222.8020869009202,12922,80.86733741288207,124.52510148730777
2023-09-26,270.5759874083219,272.01879603095676,7702,392.387439163406,54.97695206060582
2023-09-27,238.34539966500952,568.11078363825,10889,12.991855467839201,-9.604610032123617
2023-09-28,513.5916245180119,-413.6755391190434,10054,-73.91113500433688,-4.015281230749121
2023-10-02,106.5009459389535,45.574077545992935,8868,80.7663832156514,275.46863259021154
2023-10-03,826.7670385786585,-801.1504443265537,9200,203.2934736223192,-44.21946525342712
2023-10-04,-32.32841661897805,439.53387356316756,5201,-293.5588191616522,-65.33033068263332
2023-10-05,1460.0845832948094,588.3175638216446,7497,106.97372869808348,28.528423349335174
2023-10-06,412.8336738825031,-89.9118773796244,6842,212.06900310726203,138.04908779729612
2023-10-11,-328.5787782081413,1144.3920579740197,14101,-3.9283250593721846,247.84019865292277
2023-10-12,-435.44624903055615,-535.4593978014047,9658,271.3929532605283,85.73649633895711
2023-10-13,341.23620762159265,-678.6249281258921,12544,178.23733248221401,-107.040874397943
2023-10-16,-11.731392662925444,334.67109113598326,12718,478.27662370221543,217.0864270717799
2023-10-17,457.000247046046,828.2589815672927,5770,-100.12057951624303,18.053130092290292
2023-10-18,336.6188122867724,1210.3566148747213,8155,216.14197009921787,-63.77094318949696
2023-10-19,63.58554367156361,-75.33055772136402,6628,-153.46478155948097,-87.9392457099354
2023-10-20,-323.39685903420246,847.2085000587774,5386,-273.0732902553452,103.6328719335456
2023-10-23,-657.4236123429323,176.89491829957566,11031,-357.10616856357456,43.88293861864138
2023-10-24,-123.25747603351053,96.42362003550822,11439,157.6648044793853,54.50753769458505
2023-10-25,528.1993971617362,730.1959624920034,11401,86.84958278882051,148.6503119071931
2023-10-26,207.04687206510198,591.3937270480518,9008,-45.81021147235076,-60.215459150964406
2023-10-27,-522.869389355994,-745.8352941905497,7466,-304.7008667899226,156.6154628273648
2023-10-30,186.590462925591,1085.9242098355376,7282,-88.07732522773523,-31.915732279369017
2023-10-31,292.6586898644184,1028.0548124884708,6856,50.818601535091254,236.40073739123565
2023-11-01,-341.92871810056647,-175.33762090571764,12980,208.63387335861958,79.87390159931402
2023-11-02,176.86255297276395,437.48212006244546,6998,46.69284995047487,-72.02385297763772
2023-11-03,129.10435922299996,496.4181117696433,10476,100.41206854105556,-182.54180833204796
2023-11-06,-471.4851489153116,356.4042594943443,14428,-25.226476194827157,100.89247222790114
2023-11-07,278.89368017414165,-130.18309230725208,9669,399.8448405054309,-17.418027599018366
2023-11-08,380.3922631841172,-202.97402076283095,14342,-153.64992886564556,4.443430547816442
2023-11-09,641.5256215876385,184.66755740513284,9318,-89.84764345702553,96.61960091741071
2023-11-10,626.9010260174515,903.6374115556188,12064,-48.47161479870262,121.04138262506557
2023-11-13,-588.8346839785455,526.1600927566594,12446,158.5408795953448,142.3710340669291
2023-11-14,-368.9125199575614,-22.368599251663568,6431,-157.77195795737612,-97.48413083829365
2023-11-15,357.5176336043299,663.0192263890069,10624,77.14371810959972,162.5894749624589
2023-11-16,356.8929754561044,-1509.1255723780453,12461,82.98202868531146,-37.904533616814945
2023-11-17,357.52384315302396,889.259420223262,6819,-88.87159414667599,-205.62499347482267
2023-11-20,2026.3657453273606,-843.8282672668597,6130,115.99589219137137,-97.84403468600458
2023-11-21,385.4452553465835,-17.46456484187928,11563,-151.56277974748625,41.8025092132565
2023-11-22,667.7828200902994,-471.8019367756863,7658,-173.41482849234922,-77.88142460811395
2023-11-23,577.0008817466012,-576.8088854325434,8500,69.92115130428813,11.195553082395618
2023-11-24,425.695625652899,896.4960724271117,13566,-281.9511170956126,53.82524875291783
2023-11-27,-57.63462232017281,-80.62072078713481,7120,-378.96054051004757,1.8614596890714168
2023-11-28,479.48461024663374,407.90232903842946,9020,156.56666015936008,-29.435433785671684
2023-11-29,-286.4126072687859,171.84765267248957,8259,259.7939885182341,-105.06960629882262
2023-11-30,-18.409303370004437,486.2244963338729,6823,-43.360623738505836,22.194380821533223
2023-12-01,-142.68177391455174,246.09313463615322,6474,-83.6141304195541,-186.49573875847352
2023-12-04,140.93706969316128,-569.7953345131418,7242,251.10704519491196,-48.59980417194214
2023-12-05,1257.3292833367543,797.760091668284,8243,-179.10764359978398,-72.7784109060761
2023-12-06,-833.632596295874,-96.2539498967875,11990,-222.67452494423168,-3.9376851508914825
2023-12-07,443.13009518725676,-733.9491391958506,10160,191.5272847416975,-1.3329799309269283
2023-12-08,-706.3579355948258,-56.86909657954749,8134,51.80763730246146,115.99566744337453
2023-12-11,-135.96593289471673,1100.4558743805865,7070,262.9753478580476,178.34772772495995
2023-12-12,644.475298483683,710.1330452680957,5359,-378.0531757555958,-91.77788402369701
2023-12-13,132.14000954773138,-9.191280644715505,6141,-230.1347982237126,219.28326252700296
2023-12-14,-438.87238896465306,-9.554622591057267,6635,52.8664119688313,-57.929559952143194
2023-12-15,-257.6518546299841,7.0189692695704196,9000,133.5347396967573,37.252678292308985
2023-12-18,439.7988744673379,1446.0487901365045,8361,219.3994175378917,71.08629891483177
2023-12-19,-265.18331585856833,429.161271338932,11583,84.96355376175553,264.45827525825064
2023-12-20,208.22929479098744,458.0249883146418,12835,82.93103107171379,-34.22823377626642
2023-12-21,122.78591995190689,818.1700724191053,5006,-27.880308606039705,-159.6738012978053
2023-12-22,-225.80017380290855,343.2734954159081,8267,368.18098098090354,169.03794701929814
2023-12-25,1171.972044662663,44.57471250757814,11564,-170.60469109409956,-63.33735587954348
2023-12-26,416.9595111590056,82.19009054901304,14783,121.80403051118778,-16.158858057559286
2023-12-27,-912.5712933288036,157.03924435156162,9928,-147.56176691760396,-91.77496539261753
2023-12-28,193.22715738471382,177.66665809409506,7606,156.95570916100192,-15.870377304891896
2023-12-29,-230.893232384194,636.5777261821879,10906,-157.40351387755328,-64.0391536205441
2024-01-02,526.216667398112,231.16753148437965,8273,198.76313970009164,87.64418164947713
2024-01-03,-296.26036921635034,639.5840463293475,12611,72.42098936490342,28.079162972197935
2024-01-04,42.631779266550495,151.5700519348506,5913,398.9278346517363,-48.10551606146788
2024-01-05,352.4936394902286,247.18111418965435,7011,-6.203929454317127,119.58719766589276
2024-01-08,532.8775970850608,-998.9204107192645,6442,134.99322324950907,45.499675067459876
2024-01-09,-500.1482035278881,749.7966048214888,10546,-105.93125609214192,-164.60482504440554
2024-01-10,-67.25061792047418,407.8930855387956,6829,-7.578601288258902,111.97033140843018
2024-01-11,-137.4726555804781,798.8060659157914,13767,71.14989588887056,38.486788385263466
2024-01-12,-226.66461628685596,-1537.7532269162136,11468,-255.4439844942748,159.07324875915427
2024-01-15,982.7271201405484,1453.0248228684366,5929,-233.52478683695443,32.391742634264475
2024-01-16,302.49085548047776,116.24622310689574,8699,169.97185996712903,-59.17093505675949
2024-01-17,-530.4419771675226,864.9096900425099,14655,20.78263569366408,-0.4295333301836948
2024-01-18,558.930973527388,-423.94355627531854,6054,-68.58530660960437,100.39193308807204
2024-01-19,1161.0780985063166,567.6643430375418,10744,-97.39723608335115,-57.07370597008625
2024-01-22,616.2326302755735,-432.04933790419364,6900,-89.69775914473874,-24.029678710755853
2024-01-23,-659.6849829770067,-174.26137641748306,14649,72.51014300164573,-2.16885799990672
2024-01-24,-142.1170364331257,1348.4188123200718,11980,139.00717282323797,-94.93716102158729
2024-01-25,733.4555745933113,85.59055954199205,12069,-368.42144592504485,-55.63234246285745
2024-01-26,-253.83473280939035,330.45972390783373,14591,332.56681135397844,37.255019180419026
2024-01-29,321.90971407311423,722.0406384132525,8415,318.3401525883985,140.24777476530082
2024-01-30,487.3170267146684,497.40913278356277,5442,-416.1309527093799,51.71469847104752
2024-01-31,-363.46523578904146,290.2513430861459,11218,267.1853392645595,15.413874063097847
2024-02-01,70.23732196909995,418.9766014797352,9652,261.0437702662085,-63.12707739523108
2024-02-02,-1520.6336700345362,1642.049351142965,12939,50.08909883750902,129.51604117202317
2024-02-05,-412.1938206671449,165.42872177984876,12833,-209.43372437697525,63.35054999468424
2024-02-15,-26.284075696580146,320.6594280289805,14370,253.04561833301443,-50.67297635192395
2024-02-16,-523.8915909824248,830.3926376045672,12597,1.7537867405297192,109.86484586849005
2024-02-19,916.2056519658177,863.3155597747904,9458,159.7757687637913,75.95770615104671
2024-02-20,-615.0706889803164,912.2181833362281,11591,493.8402543923557,-61.35303493662359
2024-02-21,-120.02224334849188,583.2381332175107,14449,100.36735012472377,9.86217437357998
2024-02-22,165.37028864304568,-485.8029476382901,7309,-133.37693834371237,-29.27727282429369
2024-02-23,820.6366445330577,1180.0589193806577,11268,-17.146198983944345,283.3537940031605
2024-02-26,-617.9310755897197,-487.80723581121276,5910,-107.88907204819753,73.17448831256588
2024-02-27,681.5818760774798,381.5812791434199,9340,136.6979434897045,38.67620548482402
2024-02-29,105.11653050979352,-252.56551001161478,9009,-111.21351174996096,67.26630560767134
2024-03-01,-390.75432552397547,161.51699204420447,11628,-44.57028446992864,157.91625881974977
2024-03-04,331.0517371316354,397.25744618208824,7169,-206.88607488151996,11.661985556153445
2024-03-05,199.52984778673502,392.81432927016385,7172,23.5825988961713,-38.99092978657563
2024-03-06,-200.10843857939733,453.1524525411709,10668,85.35095866040993,104.42832280974177
2024-03-07,134.90104249500945,1168.226761435188,11313,-486.9576094234984,2.505543399868799
2024-03-08,-92.65679843088009,472.1205809083879,13315,101.91471229604419,-86.98953290805034
2024-03-11,156.75867262562403,53.506018825610795,13036,40.85995378064413,-106.46864317560585
2024-03-12,431.06533726052334,778.4523009730144,11789,-102.99838975122549,172.92965508395332
2024-03-13,893.008408072676,913.6822933547843,5785,455.7257848539746,33.16445669192845
2024-03-14,-518.9077494134245,-536.5646890821955,11139,241.69530552095094,-38.956738399240116
2024-03-15,1166.5166873281332,558.4400419099148,11344,-169.2804972302803,-3.433491104206354
2024-03-18,-876.0438997612509,620.7036453865389,7416,217.64737591422806,100.74447180083516
2024-03-19,24.107452482208345,21.46189798400485,13988,298.89961520421156,-9.340551584204505
2024-03-20,394.1586032422883,1025.4240879869717,9154,76.40418452351145,-124.94197291774182
2024-03-21,240.49593386751633,109.96664778048397,10619,122.28840738946506,52.58408521479247
2024-03-22,-211.34975991029688,275.3458720829253,6936,117.6693333843182,140.83478175735632
2024-03-25,-4.06112517863761,96.15690542967823,8807,-367.1631717846577,134.1464317972251
2024-03-26,-146.5004673294164,209.34742854888052,12151,12.626080629920153,-35.93299381372452
2024-03-27,-194.68237847210577,-457.7650521371211,14493,2.217431603194271,146.91726564583794
2024-03-28,524.8010485105124,-664.0305295565767,8236,336.03112731197564,41.29499736716229
2024-03-29,278.50774298252367,1156.7030379349833,7352,116.74557271237461,144.1147343878727
2024-04-01,-246.4547976303271,-308.1768089909967,6932,-9.522192423338957,77.36870300025538
2024-04-02,549.7999377166254,-394.8354096737843,13556,31.97505180179775,-132.15968426326697
2024-04-03,253.64976043830467,-1092.0340681622288,9916,254.67711632548023,194.67389375083465
2024-04-08,506.43105941948005,-183.37704861370133,10498,13.0830673509369,25.178385119895346
2024-04-09,414.8144209618061,-593.853876044499,5946,-89.63910661832182,77.67938239138171
2024-04-10,-314.49750546103616,1185.2090960818214,14569,-5.140438584173282,-114.40446284718442
2024-04-11,-180.09052009848477,805.8902536055805,6439,238.13922876453643,70.53265000780651
2024-04-12,473.6468025616309,-212.89020710663425,12730,149.23298111958727,130.29277327426598
2024-04-15,405.1851327167324,1551.4614832065852,9857,58.85359466982277,213.5320336598404
2024-04-16,89.54920301792593,789.0592921949566,5340,88.30785988896602,160.03997947952826
2024-04-17,158.663691654391,5.1011698948265405,5382,-61.9484947190964,75.42247039460395
2024-04-18,738.8324478942125,-1299.6434289241438,14748,11.210119911469278,-134.43773533483864
2024-04-19,-195.78569441791495,1574.565543554445,13491,-82.66086435490345,33.22727904974214
2024-04-22,373.54869058501896,-633.7434800581576,5138,-8.95585685994871,-39.25095652129303
2024-04-23,-1.096326216947034,-787.2392481741351,5358,319.235652725325,43.49778748162469
2024-04-24,-8.840601613610147,813.5422592057841,9931,-165.57436227543798,-101.6325832795099
2024-04-25,649.3884259935951,1663.8514438035636,14714,-87.74353328458301,-1.0166907791901494
2024-04-26,512.7081744940149,1030.563691106311,8456,-200.8597725871504,-31.71830838060685
2024-04-29,506.7548180003193,538.3454720314157,6627,-244.18175143751967,-34.816635596924634
2024-04-30,752.7394035771646,556.8526049991715,14495,12.645617160941711,-33.82361859911543
2024-05-02,110.50192081637952,712.0493352681847,11626,-73.52183636015732,6.414528361175549
2024-05-03,440.976485647482,655.3571538720591,10004,402.33778615843846,48.6194759048022
2024-05-06,-55.13337829672801,368.7148543816255,14326,-6.569309235558663,-229.8493587871451
2024-05-07,262.083176244221,262.52066237112564,11652,307.8793726860049,-217.64328563378635
2024-05-08,34.92847281615771,162.44412326028655,11416,243.6012949881267,-13.869133992187514
2024-05-09,148.4979824963591,-252.37875332000579,8170,8.209168955197185,0.2230955294385666
2024-05-10,397.5785127184568,31.59495387993556,8835,472.0271164171246,38.911121660394066
2024-05-13,-309.11034161673626,-815.7740885172312,13017,103.70679729296175,-52.76723548562242
2024-05-14,1146.1936378427301,140.99622392315007,7151,352.6018532007978,20.946519402268166
2024-05-15,-403.008690749851,-393.1546642905505,14429,329.31937831625277,32.652320501805505
2024-05-16,-507.0943063938661,-462.15359032946253,11905,132.92959702095652,-53.45580968654714
2024-05-17,679.0554367500339,307.9364906920871,7834,200.2261695611701,121.34558217411009
2024-05-20,495.83134698146796,1035.2013718067597,14190,174.81428302389514,37.69863114550607
2024-05-21,412.05990852607755,750.9899636013878,7567,-178.8522862783416,74.69610954632904
2024-05-22,414.17275463213997,-742.3003621739063,6307,61.45807089060325,26.884573128385277
2024-05-23,93.8766135765427,-393.7768819422025,13848,264.849446788932,230.36731030617202
2024-05-24,-348.62718574291574,764.4627127929296,7660,355.23726347233236,79.63970691176536
2024-05-27,137.90227909686317,-389.49243612298574,8730,-94.12793436638995,-28.799331620722533
2024-05-28,-238.58085575605583,65.22011000178523,11207,155.766260362604,102.09668843684005
2024-05-29,587.5598667088756,530.0312594147312,8162,80.1740426555069,-143.76049174566717
2024-05-30,26.47130924893068,-381.00667291818115,6140,26.425187083680875,31.96002626671043
2024-05-31,-312.7485983962558,263.22530368757594,13458,121.20052584500525,51.91602900919905
2024-06-03,-60.69292082649673,-600.4152969509227,6708,93.59948213322747,33.10207620786982
2024-06-04,306.46572713781217,-160.82058637072822,8630,158.28151377451763,-13.37788708388873
2024-06-05,-181.86227640198734,391.8691604855222,8211,338.3433521900104,-81.22733568370153
2024-06-06,-311.1101977832157,-755.7962401190016,11538,206.8255181729401,-58.934701205096246
2024-06-07,221.84360574595615,464.2848427762394,14702,112.11825177454054,30.207491624738367
2024-06-11,222.48328555436137,188.21732064399126,5475,422.9250113646158,-91.35192324279926
2024-06-12,-153.47158768556488,531.4939726502887,12684,271.98591917606717,197.0167615647273
2024-06-13,-135.5191528091614,334.34848043879686,14168,31.52031227933033,-244.08976793437063
2024-06-14,216.02496867881814,1018.4842579843065,6207,-193.42408047058103,-12.343786754460389
2024-06-17,-624.0421707486621,275.13470158874435,6960,-147.56613618409312,31.038963910769706
2024-06-18,-603.7318871882776,-57.6433246751518,5557,236.64648966312683,70.74209278332887
2024-06-19,-259.222110626218,273.3785018193703,5882,-76.06249585059626,-71.59247272624272
2024-06-20,-6.723575855923627,525.9788174218327,9761,-151.6110954223896,133.42947938882122
2024-06-21,255.45378279900228,229.3160421954226,10867,-101.6170653374399,-119.3831043812923
2024-06-24,837.678108474776,224.35501472232943,11963,-87.47686241814,-36.6128588607568
2024-06-25,528.8298116010096,-221.1950126840532,12166,220.12953355645018,82.07475552794239
2024-06-26,20.03073501828645,-197.7405505305689,12929,18.651584843544782,124.01885647927523
2024-06-27,90.49189604865559,-641.5631630798161,10347,-224.47492005988113,-120.40012963810977
2024-06-28,-401.2646823189044,1249.7460459121637,12269,56.20897955247134,284.50367904151585
2024-07-01,90.74343200380504,-546.3179412347711,14802,94.45322648964836,-69.74915631672096
2024-07-02,-44.32931946006917,-215.74311867754437,13125,-45.86737228817033,-111.21824775277827
2024-07-03,261.3592801690447,-231.04435934151843,7454,281.17701683854,70.27148917732569
2024-07-04,-313.6154717761615,736.9546261666648,9494,-34.18777713845694,-14.829345358145716
2024-07-05,359.67325712058613,23.03019302478333,6946,271.66753732743007,-29.605231253974438
2024-07-08,866.3694565012888,948.6452436042402,7808,169.3565559349953,79.56440575697195
2024-07-09,45.619925771571204,-204.0943745463211,11642,235.32110160888143,-132.72956904278092
2024-07-10,300.8558610494707,367.3964973342812,8825,-169.71016816127897,-150.21343999747023
2024-07-11,445.0719958555563,-301.2082319558544,8536,69.66203844762052,-39.742336514322815
2024-07-12,-100.61023594291814,1487.0894766640329,11068,39.43439908504619,127.79017394533253
2024-07-15,212.04624090520838,-512.5590514177077,8802,-234.4013049815066,-35.40552934127837
2024-07-16,106.29620039089743,385.8924261362165,9699,271.01214596058185,179.91566845286144
2024-07-17,148.83804927441585,580.2661285592591,6970,-113.48017938146998,140.10147611718904
2024-07-18,-286.50489192773324,448.27945847089893,10806,-71.91356576719656,48.29461845074849
2024-07-19,112.25508712947136,88.82740467337503,11142,-152.66316711954516,53.9723859374757
2024-07-22,348.9991456227249,122.1075801599443,7819,190.23726521407465,48.20026250168557
2024-07-23,825.5718038975208,226.28688318746575,14094,-255.18594375451914,35.97177286821001
2024-07-26,579.6354130426034,111.79879902290683,5364,173.5749600929136,-16.62416974781795
2024-07-29,1176.5912287557783,778.3274700769458,9258,258.90279724869214,-5.018783320716288
2024-07-30,-283.67378144402477,1526.3138009548109,8119,157.4356855251521,-86.9960156592582
2024-07-31,536.160318360339,-134.49507100470015,6863,192.5256967692858,-201.004278929018
2024-08-01,191.67100286917588,-621.8817877474467,5115,201.90929391560854,130.407060928205
2024-08-02,1194.9014666088362,147.03077098924712,12084,-139.88486534515283,35.725843678529834
2024-08-05,-304.14914267757575,1747.8256025925912,13016,336.9469959328688,20.621135562178612
2024-08-06,-319.86092109038805,-282.2047407818385,7384,-42.01525082669973,59.84491228578794
2024-08-07,-199.69632272201108,1183.4700832664405,8935,36.72247648200562,-62.83974547936491
2024-08-08,-961.9478621549035,1206.6204884458643,12742,-16.527463670191807,-80.10622133844329
2024-08-09,-162.87751084038052,-132.15294502479674,10442,148.30842417546188,-8.368469367815262
2024-08-12,-279.566330776849,541.3898475111653,7490,-57.60744862748446,156.80984817638125
2024-08-13,175.19689323810383,1177.0379738771228,11980,63.38314484747372,-96.87410284931264
2024-08-14,270.8779878885797,-27.47664459249225,14134,-197.068763429201,-242.70653568081661
2024-08-15,1038.085419607943,77.85178393858294,12661,282.93304170031433,-32.14010918187526
2024-08-16,575.2119190930251,-149.00854836918626,6724,184.14818919004068,134.2699916235183
2024-08-19,-188.45182783120157,-408.8540384157201,13182,-8.451952380353902,-153.25440243543537
2024-08-20,-349.207335674179,-189.56652703960424,7767,-43.82980600516207,-98.02836038228716
2024-08-21,345.9595857532529,-534.364160057354,6137,178.92564926353933,46.354674057816865
2024-08-22,-560.116603510321,220.45008095553564,9117,-91.45867612719235,276.9907035475335
2024-08-23,1015.7293829271769,-261.9839386351851,8420,75.0730631530338,-115.82116685261957
2024-08-26,689.7200603606435,340.2715470744486,10845,282.2797574862812,-119.69340914679591
2024-08-27,-134.5878260523524,-733.5373877221764,9778,-112.25142382743849,53.86983688391852
2024-08-28,-756.5672645454388,398.52813932867423,8906,123.72016582404058,140.46744399937043
2024-08-29,776.9361870827064,700.1173769653548,8637,113.14505338709844,-42.40987123257102
2024-08-30,42.73007737369106,-996.2413855428733,7953,30.53263626746345,-142.1394156122169
2024-09-02,718.9081559867309,424.43394190854326,10929,-50.757916820787344,63.37492208863459
2024-09-03,-697.2138293971835,936.6013954839754,5276,292.959411378877,81.48413973029731
2024-09-04,-199.6875114768864,-525.7846112147232,6999,-69.51372715339323,197.86551265382485
2024-09-05,102.62184985909158,1203.5434321026219,6227,-312.407780225924,85.69471123242788
2024-09-06,123.49029688237103,451.4114056196271,11337,178.10671832620676,102.80660763723795
2024-09-09,-125.03273573962181,-223.00711345504533,8735,-190.2606699535668,-6.214514386790572
2024-09-10,411.4249661737494,166.5385534053764,5695,188.37622897101744,264.1504342169468
2024-09-11,-433.81021469129723,534.9961475130335,14501,316.9806495686888,-19.814201058847004
2024-09-12,28.810257489353248,245.6032348474469,9152,175.94997567973485,-41.192212141177016
2024-09-13,160.14781585594943,523.2535954678215,12901,264.28226037749823,200.95149185186065
2024-09-16,357.2194170293745,-352.4041558476198,12470,454.0098213859294,-127.423727889541
2024-09-18,455.8074390444449,301.6164944216468,12537,243.35209252178933,-164.7408384527915
2024-09-19,-462.3210459189346,-648.2286981429882,7841,116.11467852508716,31.95569245984847
2024-09-20,-667.0570853678112,133.26436319077982,9208,376.7896367047296,19.826347672430458
2024-09-23,738.8384109492546,-342.3445848788739,13733,400.95510896931694,-2.788798155066221
2024-09-24,266.15700598979583,-241.31796555385995,6088,403.7543566518841,119.39297571216518
2024-09-25,-274.2432682782768,941.6559051262624,8363,-48.428703039200514,-70.82061822885704
2024-09-26,875.5759877612614,854.7860723565614,5024,-220.80367169968082,26.416712562467417
2024-09-27,157.83731714642934,565.4828725443062,14764,-60.63843668697734,-16.010595263818693
2024-09-30,689.6485920319133,-455.3876588035474,11144,190.72832315863502,-69.12185001067509
2024-10-01,133.75924070505448,10.154930183118836,10668,81.83178906642114,13.81599160393166
2024-10-04,1130.3739624409936,927.85861998751,9236,8.703802964630583,105.25958032951027
2024-10-07,977.6704212216022,285.03014818394286,14959,162.0962797609871,232.05681204305017
2024-10-08,-24.482074239536743,1591.5977239890165,13068,-244.16101633465343,77.94189828989693
2024-10-09,585.7854754771777,435.99070363662315,7235,78.23385973830825,-231.08350014014516
2024-10-11,422.68797479257375,315.22946989401896,12295,273.6915289695754,16.185991455835108
2024-10-14,784.3157787661743,14.530121478499183,13392,159.86312891164573,24.98027909028325
2024-10-15,-382.46173029005223,280.1245428693694,13448,188.36196436674572,113.62090095799499
2024-10-16,443.02572999921966,108.51809817167366,8747,369.47455799050294,38.4810302489739
2024-10-17,629.2122434247939,624.8652060131542,8175,36.7713430252666,145.30889173020765
2024-10-18,-779.3697432115572,774.0213900767504,9897,-80.61833227006727,59.16706156152717
2024-10-21,-491.6292563328875,-271.5936763047697,10037,287.9030085330084,175.87980694978887
2024-10-22,-919.6160888800503,-598.7397721346669,12427,284.2241262067854,-23.874592004829346
2024-10-23,-34.70341722227889,-901.7232238619779,13605,161.65833495115936,34.434346729669386
2024-10-24,458.77112789798116,504.7947961475262,7014,17.92579988351035,102.66415353898965
2024-10-25,851.1785260480141,-462.01996370432414,6381,50.27593020159701,-37.219407029344346
2024-10-28,137.0473902098876,-1091.7343557714896,6098,-205.35459042621733,-59.0012802081076
2024-10-29,914.307772785646,433.14716271857844,8426,272.5893060414405,-42.9352099686685
2024-10-30,-590.0507291074457,1695.7997104596743,8655,265.53026190582875,-54.92156170889224
2024-11-01,-751.6912196775774,196.35745307606402,12938,-212.33655009335678,72.25619208753272
2024-11-04,72.22615055169061,703.0944646709852,14101,223.52641678122717,-163.48080296345557
2024-11-05,292.03272446965366,249.09761512853902,5187,130.8203310018017,-135.5970026317907
2024-11-06,83.65262595295344,140.6662080853144,10409,-154.39482207815925,206.27464923572626
2024-11-07,-933.7210500199383,751.4458897926611,7092,-191.2000402144939,-52.50967209741775
2024-11-08,55.439980243605795,25.8352734868092,7130,124.69865388034448,40.00148511717481
2024-11-11,-552.2347502524266,360.43538844314173,10242,-29.540822781383582,-128.91464178991282
2024-11-12,434.8362744150192,393.01868371760816,13549,413.98977010993406,29.412426778927614
2024-11-13,283.2991230484241,-200.85427218582925,10647,240.51967892978126,-51.9006667681404
2024-11-14,-369.93989316367765,795.2254097219137,10185,144.7386273464455,-136.30894981604143
2024-11-15,-156.93345866834676,95.02414598275482,10776,154.6158008004789,153.69204375647132
2024-11-18,-429.6067609444758,-253.44709569570682,12913,316.1734360734335,138.25657270608713
2024-11-19,68.66045136341407,521.9059061422422,12547,219.30361834546756,9.264520928598357
2024-11-20,577.5711602506192,-339.0807890746223,12823,149.9532876992045,119.94190326779112
2024-11-21,-392.86302316777187,216.90869442147695,12355,-146.052235259502,210.329268772716
2024-11-22,352.0232577589222,194.52860201347787,11465,662.3893930812437,95.40759331580894
2024-11-25,-165.1288091862204,851.5373394989468,6497,-170.63655146164663,67.96797395099631
2024-11-26,-296.4364161311721,484.81893972797167,7555,-12.508547420032897,39.89496964833095
2024-11-27,46.48482002272109,184.98382475291365,10409,-280.9456552819995,84.94973648592396
2024-11-28,-417.621161209687,690.6597795201723,7951,157.75963175385243,-16.391939348963653
2024-11-29,-176.824652673591,1034.124529410388,6238,80.22208745696149,-7.663586916144663
2024-12-02,-498.9389462944242,534.6861838111174,14165,203.055287672952,65.08913752125149
2024-12-03,1082.3625664581946,206.21157190602835,9727,-297.8131262208868,-27.386487015952895
2024-12-04,117.63177598586431,-587.1017394100958,8965,272.5811334761863,-16.579967279350242
2024-12-05,-249.86275399629278,-439.0681978452235,10686,-111.4870802939229,20.018666463497336
2024-12-06,206.989955367111,16.865177387199424,14242,20.19896012722693,135.06075505930693
2024-12-09,43.835975154585086,-165.7073212955699,8701,236.31425373621292,-93.26637535596475
2024-12-10,-10.484799766611488,87.8172182087324,7780,102.25333682637988,95.91785027052609
2024-12-11,407.0833500217126,233.9899549382643,12398,116.38851133337278,99.17964128034704
2024-12-12,478.75385502365253,517.8156526140385,6588,209.83576398107985,98.5812009296809
2024-12-13,-165.25057380526374,157.70073316454528,7368,135.75812798774484,-60.67463802094889
2024-12-16,-187.90912032234002,491.90098629572117,10789,-18.22158050974346,-149.2681615510937
2024-12-17,-37.52584857582201,238.68464888607215,5436,16.706174352954214,75.97004724114223
2024-12-18,-1050.9605823677923,-985.2799398123227,7828,92.37573573036455,38.753878441396196
2024-12-19,-657.5955310992762,-363.6012362912526,6556,-129.11121870926695,120.43766347631322
2024-12-20,783.4371337222624,113.54746656703072,12570,249.20173187773395,-50.05368280095384
2024-12-23,922.4838567506418,-525.8168457046645,12480,107.73078616149681,96.01183762563612
2024-12-24,-24.518019778189156,559.9572379977227,14496,64.95525358439372,125.44121122194115
2024-12-25,388.27848152788323,1118.4504994062186,5182,288.49931180629414,10.46902789506494
2024-12-26,255.62507727176805,931.25711101839,12190,25.977271357726053,61.69295032648165
2024-12-27,1639.440404227619,71.9342774418752,11687,13.5158005695166,58.196645752409495
2024-12-30,659.7874557172884,1094.4356821099714,10565,-46.92575280079288,-62.14695290296501
2024-12-31,36.041204259616734,289.20047432126694,12241,118.61340178518705,73.10966022846075
2025-01-02,-377.7702203002129,-2.251582670823609,12651,111.69002166630295,182.24983409010136
2025-01-03,-703.2231601287863,-168.04159812456385,10575,-83.25684010198137,22.220393454263657
2025-01-06,201.73181793361155,18.518188107122995,6589,14.461204577319961,-126.09249386516575
2025-01-07,-278.1753726421517,-32.90609112473726,14779,-81.92045370384659,-48.722653091400986
2025-01-08,-611.126854798837,302.2497334252926,13851,-90.97369076309809,-157.94294488516275
2025-01-09,-223.2864421212633,296.34438862991874,5159,-295.9795663453694,149.02611290460646
2025-01-10,-440.77400180719746,201.82761209204867,11555,3.8179492636889236,96.41052963280947
2025-01-13,943.5708175362823,462.1629018478099,14203,-290.44265321600227,-30.136927166781845
2025-01-14,540.8198784747253,914.3877648718048,13244,-42.56313726790222,-121.80599219689364
2025-01-15,96.01367934169132,769.7324812647943,11846,-72.53892917552169,-63.32949582424904
2025-01-16,839.972069445013,-690.9387810699421,7307,260.3790114531208,-43.827696569714746
2025-01-17,138.68415382380914,-1332.3526809411728,6228,-152.98696126192834,30.940759902005844
2025-01-20,-330.6421006641318,760.5919467435642,12226,-102.2372769628951,27.57593431983798
2025-01-21,861.5620386348286,-620.1272190492526,10590,-26.30482783831448,154.14319753737024
2025-01-22,369.45502184232936,65.14075886438988,11919,-66.02873030055521,-49.27548576980426
2025-02-03,-418.62307716322823,-502.0678156356157,10585,323.8509594843752,-130.81878543539287
2025-02-04,4.830660958195907,-881.1882625480118,14227,-177.7134746099239,-95.6978475142292
2025-02-05,-337.8091266923786,524.8776369228729,11046,-25.880899797168382,17.697514555349905
2025-02-06,-591.399865482168,655.493096181588,9945,116.4130498328813,-52.86780669457907
2025-02-07,563.0887737658206,-145.90624043603168,12927,226.23666860840132,-9.20085455130258
2025-02-10,1054.7083202350652,-1354.6253752869459,12016,-26.04831118604065,-25.40335803194438
2025-02-11,-599.2837869095706,-127.74666895148965,12758,-333.6199201007585,119.02384537051827
2025-02-12,381.4846183452854,435.0824032415279,10086,19.979155682899048,-38.69656870923221
2025-02-13,-225.32128456091345,-687.3469412644772,14456,320.40569523614295,-17.734207694781006
2025-02-14,-143.56269188234802,310.0159518674934,12161,106.4374814860854,91.72835811587757
2025-02-17,-196.1969621194346,190.81409049620265,6884,97.28357247198653,-36.498191103207596
2025-02-18,-331.995384839908,547.574899760653,6809,-162.60359831539932,62.321237445701776
2025-02-19,124.2608139724135,271.7482210484919,8167,-183.13431805773294,53.14852620217588
2025-02-20,-315.4750582055189,-383.84136452893324,11352,53.60832972681983,34.17658589610795
2025-02-21,235.2284128899194,917.9429009986948,14009,-235.27578445628154,-93.43963827064898
2025-02-24,74.88094527543153,104.88225618381799,11056,206.2724444725021,142.9774224521937
2025-02-25,-19.474023433204877,183.6172762940409,7437,-119.32924977327244,242.0683796583114
2025-02-26,-353.78183102079896,-359.96077544391767,11468,45.06854385370124,20.882813826739472
2025-02-27,-188.38566528416635,-65.96935071490617,14080,-327.15338375084843,-84.63548733703752
2025-03-03,477.695612912878,-330.88162841614053,10951,-28.760373688701335,22.91027083250226
2025-03-04,350.4585938121904,96.23236404594621,10276,-187.1721094260406,118.98601405859992
2025-03-05,-388.7776223992755,1227.025088085406,13859,-414.39128346836213,-41.518767571560716
2025-03-06,149.66615271461293,-623.1406857588138,12818,158.36841786726347,7.1100815881810355
2025-03-07,475.6935616858945,-768.1368387260446,9728,378.2319078183147,54.06541364121413
2025-03-10,-734.7026405606858,1082.702196496165,7624,275.89471786878926,140.30478522059246
2025-03-11,371.6800961899675,74.40579370888032,10738,186.33813798076096,97.54237330893744
2025-03-12,-231.31187947292335,-201.44364319594996,9232,-32.82423358910914,101.68679695322622
2025-03-13,385.2993342965797,823.9428124376459,10793,211.17804570956523,-22.626855667642523
2025-03-14,-281.6295782712584,-163.3693238421185,9523,294.7706397147456,60.1918955173923
2025-03-17,-802.4410503322595,1295.6058281281616,10571,77.36436593425867,-52.19633271251293
2025-03-18,-713.7712189415813,606.7555228035615,14010,-186.87203446240454,104.55260998852114
2025-03-19,124.042473330691,-92.74684488742162,14298,-49.87685971827422,135.12196407856135
2025-03-20,229.86125086074094,1494.384927959302,7224,390.53929766958726,75.33635687726226
2025-03-21,-352.1583125522043,-163.42895380200304,13389,35.05116636996672,-16.741058679481547
2025-03-24,419.296229388687,645.2572232055842,11091,-614.9511439822193,-0.3727128041598249
2025-03-25,-730.76003113448,379.5755482438951,13662,-243.78469273403869,200.65162106620096
2025-03-26,66.96010067634171,981.0447736392789,11361,-34.889740628496284,-15.071044462349619
2025-03-27,-505.5080998812283,1136.9067180361117,6948,257.16504768351365,124.99941674505682
2025-03-28,-225.9180539010796,219.20248943945998,12094,-4.624470481382382,53.889159821852175
2025-03-31,123.699335658207,-252.05072220771007,11318,260.88633099465204,-13.413644845984273
2025-04-01,-330.2066826419762,475.98328576346984,8796,-55.23247070949783,-114.46490274694253
2025-04-02,-92.27777211491266,-206.62922185126365,5234,-342.85850444712264,41.16003805885069
2025-04-07,603.1464046072203,1408.0323485159738,14120,-48.31223171961692,29.110086660612232
2025-04-08,-188.4459347615744,281.92119864964246,8607,118.98900030925701,200.65346714593335
2025-04-09,517.8460560325709,-19.192930787265226,13043,102.39006986826264,-66.01926954224983
2025-04-10,-464.85342732880906,310.80818351894504,5522,-201.0215498513271,249.47685915477845
2025-04-11,364.9020889576414,-608.2757737178179,10904,-20.239240360753058,57.88105294965933
2025-04-14,820.7843103289501,-382.9684231063909,9888,586.9348476128147,57.78292212221578
2025-04-15,-1135.8222500636446,920.2483447666552,14821,-196.65376525937535,-39.307213443223006
2025-04-16,-298.44762773523837,-194.13656738283743,10832,182.14467889274977,51.47063075544686
2025-04-17,388.53606359027003,-428.1465896091638,12122,-369.3351397139591,67.30509282332127
2025-04-18,-1.5226930214963375,521.9916515163717,10842,222.75836491393238,113.7327291820877
2025-04-21,285.57293668565444,911.4224927977982,6316,-128.46507803768935,-77.8322207591943
2025-04-22,-201.99259335791027,631.37198639904,6124,130.41765164058802,160.67808557880386
2025-04-23,143.29489373644995,797.6286114834899,10621,-208.30512035364023,56.141552377197954
2025-04-24,22.161382303960266,-254.07705314167646,10423,108.17056003534142,80.8228895307312
2025-04-25,683.8910308299037,-653.0864000451063,7587,-131.7300591482876,-2.0942261504760538
2025-04-28,227.21042165060658,1100.8001911732922,14215,-93.00963659332507,-72.81426382790505
2025-04-29,268.8013310376011,6.3920966947185605,10672,138.39720127900614,27.272462740328738
2025-04-30,-105.93848306123368,49.500190126971575,6378,-36.07709527940324,38.72955498232183
2025-05-02,-143.80311203624677,996.9164851094348,8374,126.07628964326224,-118.54282681144906
2025-05-05,-116.27909390981046,533.738005640396,6519,11.831736271329852,99.32854051651252
2025-05-06,297.22607118914846,473.5326632489646,10777,63.498736249455,119.65246338965808
2025-05-07,-110.49224041013147,1499.0014069406504,12935,139.0172942706803,-52.96646238211267
2025-05-08,244.88742844820646,-186.1109382280858,11093,-20.003690918228173,-82.25853502720913
2025-05-09,1137.7003993227195,756.7040768487423,13418,-149.2099572003548,-10.296137687430104
2025-05-12,535.5623517158461,234.2078749382507,10355,-56.46245318595801,22.389509698629958
2025-05-13,-63.01176608392058,361.1553673179542,9968,289.0278359666872,-6.41710099153342
2025-05-14,700.6069610819724,1117.081055847519,14083,73.23461681530993,13.908216722921676
2025-05-15,-104.0376865107757,504.70145377377423,10574,-118.97969068209474,42.147769767591626
2025-05-16,-919.0622675889269,522.9776474297798,9072,130.31212167754373,-116.82689387256289
2025-05-19,-404.043155458702,843.5044023858813,7257,143.66311698782766,-105.3295627303265
2025-05-20,-835.3959605129278,-18.9716377257312,13588,153.9998151595621,-252.22777409231446
2025-05-21,-75.75674202065434,-303.5258004034038,9424,-145.56744007425712,114.25452284534718
2025-05-22,109.20918959477585,-426.8855164126202,8237,-86.478198857179,21.522702061744923
2025-05-23,938.2186561376413,-979.813953625601,8893,-85.36584327740232,124.78511314651567
2025-05-26,263.46368688208133,1433.7242779641933,7005,-22.129582413238353,-93.77379958113923
2025-05-27,-9.550264404432127,-461.9250194330099,7016,157.78383702874692,22.44073395331621
2025-05-28,514.7027905917446,67.24782584853679,14388,109.23696094620271,41.482650611660134
2025-05-29,-1005.5676545039425,33.912020066647585,6772,125.04339143143251,-36.178249483001494
2025-06-02,217.80727905428296,384.44401868546043,13353,320.8038284743046,-135.3427798466793
2025-06-03,485.4325969434834,689.4423275235781,8976,187.77818649832597,194.5871336135157
2025-06-04,-639.2931228899208,716.2840930158472,6751,21.63967500078252,159.9283341270051
2025-06-05,671.8770216034645,-149.84646314136307,13967,-186.77703521049992,-18.193227172536474
2025-06-06,269.24820374720707,99.7269717281531,12430,-92.90940169417405,71.02276451696075
2025-06-09,-107.64395695040065,369.5479702929798,12170,-2.341013535645388,-28.47906763568931
2025-06-10,416.3909330531424,50.78532428987177,11469,215.82596546722274,-79.54036030247475
2025-06-11,1235.3464289021979,1164.4073456119954,14131,44.53361317878132,202.72615049570138
2025-06-12,190.9331275292476,494.5849709829508,8220,-81.23919097768862,-145.53688814058017
2025-06-13,224.11029315016805,640.9266716298905,5539,-96.57857714544517,-8.550369697111488
2025-06-16,-129.68044977012207,597.7287612004477,6461,36.08435821575477,28.432382724223388
2025-06-17,-324.9221847323959,904.084314491195,10184,227.99751244342,185.12365786872863
2025-06-18,515.1679082721228,308.61293522222417,13547,368.20386115502345,109.65886542360184
2025-06-19,-328.0419129544336,-578.0991687735079,5234,8.846280394066468,-147.22497745673186
2025-06-20,135.78311860969623,439.81277105158495,6548,41.05136384748038,19.724975896581775
2025-06-23,-138.82872338255834,-190.81413627509744,12480,-192.78834123147658,22.10601983643595
2025-06-24,339.4899128731959,-117.17000904985412,9213,437.83851381989325,-2.8338335299442186
2025-06-25,266.83105264347415,551.818411253056,6673,-230.2005676312168,81.98091075303009
2025-06-26,618.7699721289496,942.9698428601814,11708,284.3324623561101,-120.91069277559771
2025-06-27,-155.0081994273735,212.76294604163698,12982,-23.067190602494136,-20.863591253667018
2025-06-30,-34.93746764668563,385.2998075593783,7100,-69.8732987680638,67.88187482130752
2025-07-01,-389.3818578911537,1221.3289667811428,8748,-172.00071437718535,87.95756851606411
2025-07-02,-122.1466300380558,344.451907693141,8173,532.0097298814267,34.94194735091969
2025-07-03,288.6502465224261,1761.0098685082369,6815,94.29832465567887,-8.839220030029907
2025-07-04,478.4943083226759,539.3057873789264,8841,54.256087420812676,8.005872637352745
2025-07-07,-361.0826620888127,-856.4576554934906,13016,227.3464719109085,94.04071223772371
2025-07-08,534.80296005283,652.0049726627195,12011,-80.16654512599263,23.390078412545996
2025-07-09,777.8189294024754,428.69503092966664,9493,50.36919104620115,-84.18475454405286
2025-07-10,306.71745161185044,973.8516524496473,5674,61.26725736242419,-103.34975839449034
2025-07-11,1038.3979062790331,603.908810761975,13088,-52.429146469626644,-128.96374214361092
2025-07-14,-286.8945995517865,116.92640960973571,13578,289.92761583718277,165.55808184893536
2025-07-15,-522.3273516557085,-534.5789417736195,7158,6.269117700819173,100.7461835612445
2025-07-16,-789.3601244521393,74.58604562838484,7661,-260.6264106737659,9.351211681945284
2025-07-17,848.0221557445915,-310.31227252558006,7064,-10.299472704174747,-25.379248516408374
2025-07-18,427.18282817702885,-148.31406988283362,8253,99.83573434277946,-37.39300079673577
2025-07-21,72.20766454477247,553.1470426523658,9979,-128.69864677752167,129.32371075822098
2025-07-22,239.98431315991013,1201.9427026108438,12703,-112.91895863408777,210.44335081747408
2025-07-23,-462.7445236491883,436.8029178937886,13931,-59.251807625208116,-40.53929239275391
2025-07-24,1322.8759898084131,-517.5298372211106,6401,294.2471320133921,133.84155206557094
2025-07-25,164.61059098761376,466.76160093208443,8259,-47.431604529141225,22.801291535888925
2025-07-28,154.69739730244646,917.9788919873906,8923,335.8234037102062,-1.2428929910466522
2025-07-29,462.88331194934597,-165.86974259162935,9214,-72.99008762966714,170.4214282829923
2025-07-30,340.5046158683566,119.5896999962494,8227,115.00282725130837,18.98342792572231
2025-07-31,211.9420121395657,208.81291683751826,7745,-39.24853484395024,49.63644392546358
2025-08-04,-295.237227722656,-270.938987849344,11091,200.81663405809442,44.82739329114458
2025-08-05,335.7341785679979,588.9682603063154,8866,-173.65483091305583,-142.55993666594517
2025-08-06,1041.0122482375168,127.43111083533105,10818,198.5718959154463,48.84111487160616
2025-08-07,772.7100230774888,451.7194663442167,7222,72.77388006193675,-36.26920244402328
2025-08-08,896.5933133196985,-332.4953066812601,7792,-77.99836335548981,-122.11531401456213
2025-08-11,-155.60783821559258,-62.47498019404628,14889,16.755703057969882,-31.713708044876242
2025-08-12,-394.8024101292904,633.4288146966628,9063,356.770988206435,-32.53888696369459
2025-08-13,37.10653995017593,-23.69989125506018,6524,77.5689009761567,122.9882539130331
2025-08-14,127.8624561443473,1236.1783107400431,13224,-90.54560318252777,-86.37896161020318
2025-08-15,647.0957592354742,-39.78171136876142,11198,-190.93865656562255,-58.98474390492545
2025-08-18,-746.2323148574097,334.81083545113154,9025,151.08085468619942,43.53882605480125
2025-08-19,864.7751597303069,759.5544991238539,7566,89.1690494021371,-112.57937713542475
2025-08-20,20.996050710505287,-651.019439759819,7803,189.0041390176447,-45.90067582323337
2025-08-21,-113.44053497371002,-856.4852871884655,8709,-242.44494793796844,-146.44767353332222
2025-08-22,-406.0521876300837,-715.3937887420568,11155,-184.4520905783,112.00114600053962
2025-08-25,-727.4283359328847,957.5504620563092,5719,279.37583985037986,-10.136312044018577
2025-08-26,511.58529198095727,-131.11488753546803,11516,116.26832935586812,18.408215499775768
2025-08-27,136.65898359420194,1734.9195714009513,9579,156.68017024751236,111.60103197910901
2025-08-28,-544.980449870527,-138.54855919443315,5972,-142.53740642159065,-52.22688836538869
2025-08-29,-547.539386031808,310.7307819182222,8718,-146.19743966578372,-11.198700864800411
2025-09-01,-67.89234964506412,1125.2659715407253,12395,248.2517316384177,-85.63279993057415
2025-09-02,934.5107626446965,1403.6557328954736,9402,257.6755309530298,-85.85037209958124
2025-09-03,-29.79567568180238,1436.9021459818387,9552,-167.66389740581076,-72.0582894005879
2025-09-04,-651.571476559053,925.0197383558855,7207,-205.87409917056902,-29.24903908336654
2025-09-05,-22.871532042972163,814.4375154868775,9426,28.28140585751116,-18.479553417306533
2025-09-08,-36.361784873835234,555.5161695207098,11919,-109.86969067520124,48.86321508983798
2025-09-09,-1248.4433214707858,667.0166456999826,13835,-114.0353758092051,-69.12169480418996
2025-09-10,72.8525667410939,-130.71142979712005,13386,-200.27564928547852,51.963267591747645
2025-09-11,-15.467265104338978,-290.91933005338433,13680,-43.68676965607335,68.5001291523228
2025-09-12,448.10318240670915,197.97532555342877,7204,-180.9389485265732,-26.782218283226612
2025-09-15,1024.4780474726726,97.88922648504294,10345,-169.08018060184733,-60.472457241838114
2025-09-16,663.2825147738787,-71.9368295963651,8276,109.6783693132609,28.507903197998996
2025-09-17,-34.444345277415266,617.8324684740292,6102,38.960353142524696,-0.2917463010444905
2025-09-18,-453.26295437083513,773.1831251423064,10243,146.97573630642637,42.03518292735454
2025-09-19,1386.6799016249302,253.0441317751084,11614,-279.80668706986125,176.9866436259967
2025-09-22,129.60921700724413,1086.5180486331572,14433,51.97612196595263,26.86370484277154
2025-09-23,106.9646459564731,-485.01346848010303,13707,465.1275084331676,-43.9230561280132
2025-09-24,87.93745644499836,83.80432443216912,10223,-24.45449685711982,-69.08896119420587
2025-09-25,199.04238038392748,-230.09339236168296,13584,214.94980131445956,-65.22016313215836
2025-09-26,27.81979403802876,-919.9219702438361,5630,213.20136975488467,-126.27663071111209
2025-09-30,-186.83100344011814,150.39158849438044,14171,223.03972160025512,113.27436083455788
2025-10-01,-173.42947062019607,126.95149497002988,11683,83.33233741146458,-203.32788193557644
2025-10-02,83.62336489200081,1108.0698459452788,5277,163.21719654884282,68.81048177193057
2025-10-03,-171.71238556688246,578.4870107328666,5232,189.8027240026011,-66.80639066752308
2025-10-07,-256.4228913385822,-414.51209459752295,14744,177.08920566287154,-31.240521462411778
2025-10-08,153.21511384594842,1312.455539800513,10690,-173.4836347026792,-69.79876415443887
2025-10-09,-27.48860871042764,932.6202173152118,12659,-291.4768965087974,164.5864659642031
2025-10-13,851.9964942913443,549.2586220811695,5025,-260.71670868296144,21.63156016857768
2025-10-14,-1225.484904196506,64.10954069010086,12468,-4.031998476532742,99.03785250428524
2025-10-15,645.7534259612308,-375.66354203408787,11410,168.7853468845289,150.05268585960062
2025-10-16,723.0425962488146,-23.32406564263181,13652,-170.88225550231692,36.340547402240375
2025-10-17,-936.6951162040748,853.2491718225116,8764,234.79409171688079,-99.56237708552125
2025-10-20,-71.3437970401744,1330.7517835607655,11599,-50.455034901577235,-2.0642750115772124
2025-10-21,-85.72043299789573,1125.9461169633134,10102,-48.55104223881578,-54.22480135662025
2025-10-22,-603.7558473589106,-93.30965307176444,12006,-117.22139917592008,-30.350416188729895
2025-10-23,-288.90834379543764,-471.7704599734067,8483,-326.95727180325474,10.53762073507111
2025-10-27,-455.28792273291435,284.53174814672235,6994,95.8628256869294,6.5844357907735755
2025-10-28,976.1352217118114,-861.0636193377111,13682,392.5335425677138,61.21091610202864
2025-10-29,567.8391965737305,393.90062851086884,6072,37.467095293487326,75.73042937804868
2025-10-30,735.7775474970794,111.43844822079879,11707,-320.1263283389705,6.5854823733542425
2025-10-31,460.8360320216176,-79.62190112094532,5215,206.06856232328923,60.34689181079173
2025-11-03,-464.52588560861466,-756.8218403600773,12605,-274.95959802059787,-34.93598549354416
2025-11-04,-162.26013313988682,508.16006394182995,14915,-191.8068793978371,151.47798255965034
2025-11-05,344.68728061395905,-119.62050379714685,14784,2.332365537285824,-36.55112882176463
2025-11-06,-511.06390444597264,-501.95010142617286,7606,74.56868770803959,139.7186484622428
2025-11-07,456.49921508619406,-1523.3573279689897,13350,-151.73280023336568,-127.60670917717218
2025-11-10,-20.162699079067508,183.49105696961826,9781,-5.463211313196105,-18.040725741084614
2025-11-11,-87.41040377479877,1263.3509580018465,8313,193.0324801521369,-13.097817361360562
2025-11-12,455.47998410174574,1196.7555287287219,14968,220.4357769616037,47.8991794748474
2025-11-13,322.1316557430199,-74.2577539517631,12763,300.29128436285293,106.18168032188235
2025-11-14,-80.48308290953997,-161.32723621706833,10939,431.8837304586987,-104.93952030595278
2025-11-17,679.6649016821241,481.26455364501425,7295,211.97786433222333,-90.79830420429076
2025-11-18,-440.53166379994866,-399.0312635129749,10685,6.652697119151917,-120.19080677162378
2025-11-19,407.9678034721319,381.07513989167956,6696,221.8627582245945,152.01841971984175
2025-11-20,396.55062898419186,659.6481670308142,6946,143.3432468010364,49.76049427971223
2025-11-21,-54.77321965699514,936.1599343305845,7783,151.2733955052509,-88.43712084571229
2025-11-24,263.06651112105897,139.90755411202832,8644,85.44375701433708,-24.309487395607064
2025-11-25,-525.5567881926514,77.79574989382047,10241,-132.41082043078129,138.17613956614946
2025-11-26,562.0135096034505,-326.78955205393663,11420,-155.61928156438603,-7.811923031123808
2025-11-27,7.548931778505491,-296.128212423916,12557,30.576359784971473,-13.71881377911729
2025-11-28,-161.36151025951978,64.11266485908394,7645,79.78201516927439,-58.12967068230586
2025-12-01,624.5046129184446,420.4193040897069,11589,-85.88818458634259,-82.49923138187629
2025-12-02,-252.17184527137965,748.1507757399496,11353,134.66838972171507,138.33238104431567
2025-12-03,-604.2306481817799,-281.90737040820693,6932,466.1531808078378,187.39015887420604
2025-12-04,-678.3145867619519,1095.613141375713,6757,-298.8661438556515,-78.51944027873478
2025-12-05,403.0049756728198,37.325839374458724,10085,166.44889551275213,160.49423292181197
2025-12-08,-540.2146762481416,187.1796233909383,10637,36.80507582183796,-28.738941629010526
2025-12-09,977.3970909921824,-248.32700748869405,6116,140.13111106693094,73.36479953688871
2025-12-10,-940.964703941861,-1254.544156163765,5492,-36.14294009205824,161.0213804814408
2025-12-11,948.2281841450191,730.4272378166298,13811,20.788022990566603,5.492340429636785
2025-12-12,205.5087336013092,642.1063382554601,12888,75.90009020161982,-12.794192026735907
2025-12-15,51.64344406480381,31.20346572907198,11474,-10.326776707052119,100.10809637881857
2025-12-16,-172.45954340447486,240.19443033492314,14738,-254.10826347397972,-90.9952837036249
2025-12-17,299.56805717603544,509.56353062245967,9958,3.2169938711093664,134.70613778404305
2025-12-18,81.18264878757581,-737.5275141319256,14797,-233.2867256392388,34.28093924425832
2025-12-19,651.6509410082607,-117.43160640777688,14467,180.6386221160619,-37.775050815417686
2025-12-22,157.11382433101983,676.5588077730963,7743,-323.10902021562447,-40.41676033158545
2025-12-23,175.1508807309388,-552.5736539015496,12866,255.73087589117796,-118.3462511828366
2025-12-24,-81.80610610692793,376.13475929997753,12160,135.9126000406959,-33.61721666239897
2025-12-26,71.52718813946628,-613.9490827740431,10451,136.67772314677893,-6.403776199440117
2025-12-29,253.90088444602958,479.8579894601158,10258,-382.8619735695679,-86.12935317114818
2025-12-30,-755.0841963283128,178.61511062150987,13548,-15.719887618311262,15.453502387099554
2025-12-31,-574.0927110528565,-769.0790895433057,12186,280.71268573197204,67.29170845254956
2026-01-02,471.6320470113575,898.8436126743028,11102,-53.72159580605893,-1.3472135999418846
2026-01-05,185.43271906397092,-240.7549460788295,14061,-165.61242999274285,86.27258265192667
2026-01-06,8.008331823660427,-286.1514622086286,14077,-77.33401900114242,-60.713998297933614
2026-01-07,109.21696653269657,320.3415183385657,14475,36.34447547213239,120.33827642199402
2026-01-08,273.79085268083554,889.1824096572291,5619,-120.27409006256221,32.181470577485804
2026-01-09,-169.87984015468078,-409.49309138703813,5882,296.76344641785875,174.52571697547432
2026-01-12,-289.15236270115633,237.007909908783,13988,37.06649400192152,261.4217312238733
2026-01-13,197.92262754884078,457.2899001983438,8642,-61.11386958958565,-27.02435923032813
2026-01-14,-389.18638880751604,615.8633643578864,6296,-210.26870536711584,-22.9063876901458
2026-01-15,304.1263778572359,305.8649331663351,13436,146.8893210557876,-4.624212194871742
2026-01-16,-751.2918021189201,-20.21670344999339,7895,142.33325894227266,79.57022501755148
2026-01-19,614.5778186628219,-296.5541323892318,11593,-108.44178123693837,152.596997047509
2026-01-20,336.2987412065215,251.68632982782486,5929,-397.26580566282905,-45.280848416980334
2026-01-21,228.01486715693784,-443.2834071913642,10366,132.15243791517685,58.124426647807276
2026-01-22,591.3454919727569,-1552.8102900967644,13711,12.639321747799542,6.407271014423282
2026-01-23,932.7372222312883,461.9358824946007,8212,117.21423358513381,81.81091025405885
2026-01-26,607.1850325090652,742.3609046517172,7409,441.4349067279276,170.94576934076903
2026-01-27,-820.4371156658226,-1217.759461325103,13199,44.63363125818806,-4.032823743301488
2026-01-28,-539.7884833678507,-405.83842282596254,8423,-52.76772336855437,-146.98676666737308
2026-01-29,-212.40928884783943,571.4925566031186,11976,-179.46439352966803,94.39016768802931
2026-01-30,113.04552510541689,1434.4972818270192,12594,-12.484358299009813,-63.27052186054526
2026-02-02,358.8295102345615,212.47622460524474,10158,82.11546992312825,5.688426303622226
2026-02-03,-262.8719065767328,-236.80176473748065,8667,60.661484119752075,98.70308368716137
2026-02-04,193.38338223853916,90.26213533709591,10973,394.6930680134206,49.7394853531108
2026-02-05,-277.69146617666127,1024.925851488911,11236,149.81711309318854,9.827997444695502
2026-02-06,-205.7589014959741,-187.57850747472116,13277,23.03982569855803,-37.5881712458321
2026-02-09,-603.3305484241112,-279.51520399015214,7468,-91.31211576669455,-269.98937802749987
2026-02-10,-361.6166230554521,-89.64611330921946,11217,103.33455275666408,89.83208157562021
2026-02-11,-575.8423028081668,-371.9971649552274,8619,-131.40163167653185,-5.295169922576406
2026-02-23,-387.9366264886664,273.60218959687734,6636,85.96621590758127,171.33362783557257
2026-02-24,626.8208983039198,1174.8070750817365,13155,147.48278538096864,59.80280299618697
2026-02-25,-374.6994444159715,393.84756386961743,8583,6.7095554457104996,-34.112537253484284
2026-02-26,1416.1910324186954,48.58789872422744,9009,-76.05728881302834,126.68700883760403
2026-03-02,346.65895044044464,24.91323865067355,8326,-387.0593694669812,135.11294059581903
2026-03-03,192.41806184743695,-737.9144852179942,13148,278.76734528407815,-1.903181435247788
2026-03-04,-329.1788900906068,729.8658662882954,7217,130.66007804905632,139.36448655732278
2026-03-05,450.1549397044957,153.29768179231877,9967,135.52345631695647,-35.53080553860471
2026-03-06,-187.81891311888694,91.71205184562461,7369,-262.27046715546,35.9647769407903
2026-03-09,161.0049073226807,2115.864540706916,8638,325.9677399480114,77.14083877187804
2026-03-10,1380.0422691343974,379.2517450194117,14135,-43.04337332361604,98.47815840141892
2026-03-11,51.97005013767507,-251.0746300571106,10722,-7.759060539897234,82.152184861589
2026-03-12,674.6366631428378,-55.814557723325976,9444,-163.85737108376506,-13.265718056317247
2026-03-13,-251.58821256294368,889.0674255180529,12618,-307.38914626796964,129.36976406914414
2026-03-16,82.50575475151915,267.96224632265864,8947,281.4692623447134,7.557267689358149
2026-03-17,985.400317817755,-662.96678699042,6676,307.3194738795249,-36.90273622751935
2026-03-18,-213.48352889388372,751.5373607451221,6196,16.89436972933452,-35.433796731333096
2026-03-19,1006.2242789984643,-200.8864513233964,7787,-85.87691396127005,213.9988391476335
2026-03-20,453.8759677277377,1323.9786657305274,12432,-25.408833826851634,-54.19834280919447
2026-03-23,-181.2333879471338,848.0288394287891,14653,-19.92299800710994,149.16352267604466
2026-03-24,416.20386952776045,-68.39313739525073,12927,-189.97194443591968,-93.54666958101699
2026-03-25,586.2772248133649,968.6098170410678,8318,-8.451043088768053,68.79054450741863
2026-03-26,410.90498110859824,240.713306316442,13858,80.62039858686508,49.7083451490835
2026-03-27,-685.1123599452283,711.6642050733317,11689,253.6314495297504,182.1226879726228
2026-03-30,-263.5685879124343,490.83969037668487,7176,52.84883280274241,-45.44018951685149
2026-03-31,-23.75931777575238,-307.81399299452414,8743,-265.2703417798872,-73.0664217960387
2026-04-01,62.78328544997686,-186.1298993904772,13792,120.7095726397353,8.34896216530179
2026-04-02,410.336048775339,817.9764905486967,9422,-1.1861123339506747,186.48018292404524
2026-04-07,188.8505004666269,-0.8651992639245236,8824,324.0819387967733,-68.4158479943768
2026-04-08,-567.6721793550506,-42.18907794519802,14171,335.8915604088015,-238.84166322041995
2026-04-09,290.0989255029816,-373.07354760961175,7451,342.89086245345993,25.97678373732826
2026-04-10,405.2928726419116,454.15943935607663,5628,-62.31758707465589,114.95229179610088
2026-04-13,379.8952239655199,1437.514951545887,14821,447.97101466751144,-81.3805932639863
2026-04-14,640.3903627773109,-440.5197485525638,12778,120.18850097914138,104.7932173353264
2026-04-15,516.961077274452,214.53167400365484,8696,375.27608113372656,-83.59109850124564
2026-04-16,329.5900396142183,1047.3323332492575,8674,-50.52392276635193,5.344146430832108
2026-04-17,64.91714427067649,152.2151652525709,8929,-9.719347521925293,95.26823152860572
2026-04-20,-730.4804667579957,471.42307774984033,7765,104.80547053441708,-98.74654017384385
2026-04-21,314.80910956629293,-437.4361168881278,9369,80.37552192278795,38.151333150755434
2026-04-22,203.84384358155557,456.9842583245892,13307,300.96238869383393,141.49735112922372
2026-04-23,235.78941859768673,87.71344099727074,9956,3.5741362903091343,67.39340992113509
2026-04-24,-538.3742879101547,791.4379974079178,5692,282.9229980620713,-52.062605759076774
2026-04-27,-440.5282702041312,912.4316309388507,8162,196.44690142653067,171.87183527167937
2026-04-28,626.5764266664518,1753.7381852111682,6105,7.321556278570299,85.83925119224901
2026-04-29,80.22242307167248,547.7799039281454,8008,180.93532349646267,-166.04479999243068
2026-04-30,440.75034868631224,395.4777899492999,7161,-44.65300936660975,106.42436147342264
2026-05-04,114.15918806523058,316.6305809464016,13345,520.0411600011444,-37.13742524172769
2026-05-05,114.87806974787259,-11.899775686412994,8699,-482.86646421488945,39.656354764246444
2026-05-06,569.1419029879988,403.0903060770147,8786,184.58864089900786,120.80040042932596
2026-05-07,-158.02236410868693,22.759153916582335,14256,-302.9191818554094,-34.96045846648339
2026-05-08,148.0603884704917,301.07658576176857,9200,4.868659356386274,-144.5592614041814
2026-05-11,-131.13764435252125,990.5585213647759,6913,32.87838210575079,170.55451919058282
2026-05-12,-117.2481137161578,-403.9255391677847,14408,351.5267117827368,136.4583471201948
2026-05-13,-54.586061734319685,883.9271366774273,10520,-88.43044241537805,11.274398681705428
2026-05-14,211.06688581685643,990.2690404039191,6772,311.6023831323556,105.34214514921152
2026-05-15,-139.37431083173865,129.15888380535276,7780,-185.76332804495937,-16.93867320636845
2026-05-18,727.8780627867604,-1073.1129394051568,12423,319.33394475097316,29.697017676084972
2026-05-19,-347.30365110975197,-164.69319225665947,7871,-44.86908838069456,5.5712057363260055
2026-05-20,6.564177919320485,978.1967279366655,5660,64.68690384822376,-12.894408535730221
2026-05-21,-119.86552913708746,186.27916262067072,11242,-17.27573262208081,55.930258008575485
2026-05-22,823.4889421768664,-399.5813393769465,6132,306.4726948231208,-100.81788236455881
2026-05-25,198.27738825578732,-102.86495273693043,5699,267.5479686467495,-5.158083076557908
2026-05-26,615.9222697343174,704.3720159027318,12470,138.70034411690497,51.44794724834049
2026-05-27,-642.780186518486,528.0401409208275,11297,-180.37367691735483,203.8100707961636
2026-05-28,233.52513293462943,56.64074049818342,12812,-93.00437360604855,-96.7534215312696
2026-05-29,544.8153978117185,-20.094647088812536,9557,-155.71530510122508,72.05530577324272
2026-06-01,141.1419946377121,-35.05488942629313,7179,-399.62857735843266,83.01487764278613
2026-06-02,632.7401875326756,-353.4461106991015,14065,302.2636203700093,-167.67187306827367
2026-06-03,-158.6442250501861,1169.225413681665,13275,-15.56470526853937,61.05320144092518
2026-06-04,804.67372009279,6.6077184731960585,6422,-17.69879285845947,108.02850789837808
2026-06-05,1249.4490618096252,930.2951124952979,8180,349.22044668511194,78.86526793824348
2026-06-08,-81.41928021982955,1112.789631153471,9316,-45.19772047727352,11.607274512732461
2026-06-09,-122.7512607003859,798.9865388887762,11696,-118.09418713718617,53.32400365224288
2026-06-10,826.6922385588505,-58.97218763082907,14583,5.050875897003081,36.98446972490301
2026-06-11,889.7860728653562,442.23805420196567,5614,-176.53381037537926,-148.94573383151948
2026-06-12,-161.43001357663417,185.4826361654503,9570,118.87115385759127,39.332032475446596
2026-06-15,-110.09340854792862,-342.22111643807693,5270,-24.732415652834078,-16.70704059816724
2026-06-16,-40.8923044302536,394.6155690329618,7468,-51.45428211876248,-50.48221709979829
2026-06-17,-572.2252555171385,-507.4238746958815,14582,-68.78063440406044,268.4969953586654
2026-06-18,-359.3259732420991,912.6076330769382,8607,28.755701231597733,145.26157196195572
2026-06-22,-402.07038337603393,-78.77037837903583,8075,66.69622510397018,-95.01720603143877
2026-06-23,-283.89878255206423,320.69579352370357,5289,-53.995017681504365,54.6636196565839
2026-06-24,82.65755630660941,369.97272292768525,13120,-21.753187219029357,165.8025275564325
2026-06-25,217.10736626826036,44.657015777553596,11614,33.695434636130216,-129.6199154076002
2026-06-26,875.2502464070384,552.0162808851649,8252,13.516372892092235,27.698314140715404
2026-06-29,-399.1770203693955,-84.94219397351463,12415,56.21519337500278,32.40727257194935
2026-06-30,592.1611992382918,722.7783784743465,11771,-85.33416064960275,-107.44928824990227
2026-07-01,-6.994422112754478,-607.5878081480491,5278,250.9185818252981,57.95503046122297
2026-07-02,75.26814517378352,275.8277477278471,5580,69.36563548190344,131.62463905181252
2026-07-03,437.40974608330185,1363.3573994349708,9958,-50.76935056497544,170.80475914191533
2026-07-06,-461.3610107811493,-400.19879476334484,13445,118.87684347570698,-4.936410162594573
2026-07-07,291.2048730920253,-206.64698231491087,9276,35.12628023625709,270.1645035135113
2026-07-08,183.22610410652806,508.344709795349,12997,-296.7652708967336,-185.79667533967552
2026-07-09,346.22563200407455,307.7490691637588,9776,118.19053804432528,55.62167098144623
2026-07-10,244.58432195390904,410.3780595641355,5824,-153.90124047683744,-121.22943199298555
2026-07-13,1327.6500699554472,493.5122780885981,8832,236.88555664626148,29.018263749689954
2026-07-14,-218.86999212565797,580.832881137062,13891,1.6500722213106016,-32.19067501050294
2026-07-15,-165.49847750090885,865.8199051737339,10445,206.01405947821277,70.68774563905612
2026-07-16,-211.5702632123822,445.8911941571075,6380,-76.04371063952142,7.31192858978058
2026-07-17,-177.73855958012734,55.24540722887454,14865,63.98585342812797,-62.59841780265164
2026-07-20,-218.69356365325882,603.5442207216388,11534,292.0487001013753,-56.02909475639798
2026-07-21,694.5082655537759,1339.9291609371294,8156,-3.80330928296452,213.24594974495528
